Id,Title,Regime,FromYear,ToYear,Height,Timeline_Id,Collection_Id,ForkNode,Depth,SubtreeSize
00000000-0000-0000-0000-000000000000,Cosmos,Cosmos,-13700000000,9999,80,NULL,2B6CD8E0-5833-CEAF-117E-CF74DB7FED1F,8589934592,0,1235
1564EEFB-BD6C-4959-AA59-622EDBF6F9B8,Hadean Eon,Earth,-4570000000,-4000000000,90,BC082F40-C56C-4934-8132-41A7534F5A12,2B6CD8E0-5833-CEAF-117E-CF74DB7FED1F,0,3,3
48FBB8A8-7C5D-49C3-83E1-98939AE2AE67,Earth & Solar System,Earth,-4570000000,9999,75,00000000-0000-0000-0000-000000000000,2B6CD8E0-5833-CEAF-117E-CF74DB7FED1F,0,1,1135
D4809BE4-3CF9-4DDD-9703-3CA24E4D3A26,Life,Life,-4000000000,9999,60,48FBB8A8-7C5D-49C3-83E1-98939AE2AE67,2B6CD8E0-5833-CEAF-117E-CF74DB7FED1F,0,2,1026
E33F6068-8FA7-42B7-B344-DD59B9E1A91E,Archean,Life,-4000000000,-2500000000,40,D4809BE4-3CF9-4DDD-9703-3CA24E4D3A26,2B6CD8E0-5833-CEAF-117E-CF74DB7FED1F,0,3,23
99E0C2EF-0A73-43A9-B8B1-FCF4D39FF692,Proterozoic,Life,-2500000000,-540000000,49,D4809BE4-3CF9-4DDD-9703-3CA24E4D3A26,2B6CD8E0-5833-CEAF-117E-CF74DB7FED1F,0,3,28
D8181B7F-D119-4362-81F2-9BB5E7D76D4A,3 Large Proterozoic Craters,Earth,-2100000000,-550000000,100,544749CC-845C-47A8-A728-45C319D7E72D,2B6CD8E0-5833-CEAF-117E-CF74DB7FED1F,0,3,7
91FA5A40-E44B-479F-9689-8E67835AB219,Major Phanerozoic Impact Events,Earth,-550000000,9999,NULL,544749CC-845C-47A8-A728-45C319D7E72D,2B6CD8E0-5833-CEAF-117E-CF74DB7FED1F,0,3,10
096717FD-64DB-4416-92A7-6D35C83777D5,Phanerozoic,Life,-540000000,9999,34,D4809BE4-3CF9-4DDD-9703-3CA24E4D3A26,2B6CD8E0-5833-CEAF-117E-CF74DB7FED1F,0,3,77
75405BB3-BDA7-45A0-8C2B-77C1F54356B4,Paleozoic,Life,-540000000,-251000000,NULL,096717FD-64DB-4416-92A7-6D35C83777D5,2B6CD8E0-5833-CEAF-117E-CF74DB7FED1F,0,4,11
F24C9B18-198D-4D0A-9A1E-7B46841E5F1F,Paleozoic Era,Earth,-540000000,-250000000,80,BF4BAC4B-2EAD-4B6F-A75D-C61C61FC53D3,2B6CD8E0-5833-CEAF-117E-CF74DB7FED1F,0,4,10
4A4897E0-CE40-4FE2-BE92-5E1000466F91,Mesozoic,Life,-251000000,-65500000,NULL,096717FD-64DB-4416-92A7-6D35C83777D5,2B6CD8E0-5833-CEAF-117E-CF74DB7FED1F,0,4,30
8D12726A-C70B-472E-93D6-17B540E530BB,Pelagic sequence,Earth,-119000000,-24000000,85,F83C035E-90F3-4640-B920-442DDB362788,2B6CD8E0-5833-CEAF-117E-CF74DB7FED1F,0,3,15
9E0DDE7C-0623-4DC4-8A8C-2BE001EAE525,Fucoid marls,Earth,-119000000,-95000000,NULL,8D12726A-C70B-472E-93D6-17B540E530BB,2B6CD8E0-5833-CEAF-117E-CF74DB7FED1F,0,4,3
2CBC10BC-02B4-4D90-84E2-7CFFCC2FD109,Paleogene,Life,-65500000,-23000000,NULL,2298522C-F8D2-4877-B438-1BBB9C72E4AB,2B6CD8E0-5833-CEAF-117E-CF74DB7FED1F,0,5,15
A6B821DF-2A4D-4F0E-BAF5-28E47ECB720B,Human Prehistory,Pre-history,-8500000,9999,0.05,D4809BE4-3CF9-4DDD-9703-3CA24E4D3A26,2B6CD8E0-5833-CEAF-117E-CF74DB7FED1F,0,3,890
6F6E6F61-7F0E-4CE0-BAFB-8D414DA6AA28,Hominine Phylogeny,Pre-history,-8000000,9999,400,A6B821DF-2A4D-4F0E-BAF5-28E47ECB720B,2B6CD8E0-5833-CEAF-117E-CF74DB7FED1F,0,4,879
284390D0-172B-4C38-A4DA-DC3387385368,Genus Ardipithecus,Pre-history,-5600000,-4400000,NULL,6F6E6F61-7F0E-4CE0-BAFB-8D414DA6AA28,2B6CD8E0-5833-CEAF-117E-CF74DB7FED1F,0,5,3
A907F9DA-E977-4317-92BE-59236DF5395F,Australopithecus afarensis,Pre-history,-3900000,-2900000,NULL,B86358DB-B156-49B8-BE2F-B1F299E66389,2B6CD8E0-5833-CEAF-117E-CF74DB7FED1F,0,6,4
B37F255B-782A-4F61-B134-DF1BA6B45819,Genus Homo,Pre-history,-2500000,9999,NULL,6F6E6F61-7F0E-4CE0-BAFB-8D414DA6AA28,2B6CD8E0-5833-CEAF-117E-CF74DB7FED1F,0,5,861
5265AD6E-FC86-4B51-9F9F-8F982BB0B8A3,Homo erectus,Pre-history,-1800000,-500000,NULL,B37F255B-782A-4F61-B134-DF1BA6B45819,2B6CD8E0-5833-CEAF-117E-CF74DB7FED1F,0,6,4
4AFB5BB6-1544-4416-A949-8C8F473E544D,Humanity,Humanity,-3000,9999,0.01,BEBB7918-64DA-4866-894C-1896E01030CF,2B6CD8E0-5833-CEAF-117E-CF74DB7FED1F,0,7,838
B3972943-7CA1-4C33-A368-B37DE5032AD0,Old Kingdom (Dynasties IV-VIII),Humanity,-2575,-2150,NULL,ABAF3546-A230-4838-B8AA-EAF6EDF33CB4,2B6CD8E0-5833-CEAF-117E-CF74DB7FED1F,0,9,12
4FCAC313-1AB6-41ED-90E9-10ABB0E81125,Pre-Classic,Humanity,-1800,-17,NULL,D6A594D5-563A-47AD-B800-A4B78A9921BF,2B6CD8E0-5833-CEAF-117E-CF74DB7FED1F,0,9,15
4108187C-8C74-4FD5-9394-4679B7A5DF17,Julio-Claudian,Humanity,42,68,400,010EDBD2-27A8-403F-A4B1-E6D89FECCB4B,2B6CD8E0-5833-CEAF-117E-CF74DB7FED1F,0,11,14
C711AA50-118E-4FA8-A17C-D122334CC670,Trajanic Expansion,Humanity,110,200,400,010EDBD2-27A8-403F-A4B1-E6D89FECCB4B,2B6CD8E0-5833-CEAF-117E-CF74DB7FED1F,0,11,14
0ACF9612-0109-487A-8C1C-B12AD32AF997,Third Century Development,Humanity,190,210,200,010EDBD2-27A8-403F-A4B1-E6D89FECCB4B,2B6CD8E0-5833-CEAF-117E-CF74DB7FED1F,0,11,13
1E7DE9E0-2532-426B-BE7E-31E2B7D72B94,Classic,Humanity,250,900,NULL,D6A594D5-563A-47AD-B800-A4B78A9921BF,2B6CD8E0-5833-CEAF-117E-CF74DB7FED1F,0,9,28
A5039B49-16FA-47AE-89D6-8C5CF262E2AC,Late Antique Port,Humanity,300,570,400,010EDBD2-27A8-403F-A4B1-E6D89FECCB4B,2B6CD8E0-5833-CEAF-117E-CF74DB7FED1F,0,11,17
377BA8D1-00A6-46B6-8FB5-997D90ADAB75,The Maya Collapse,Humanity,900,1000,NULL,D6A594D5-563A-47AD-B800-A4B78A9921BF,2B6CD8E0-5833-CEAF-117E-CF74DB7FED1F,0,9,3
427D94E6-DE13-41D4-BF69-51F964E3691A,Post-classic,Humanity,1000,1600,NULL,D6A594D5-563A-47AD-B800-A4B78A9921BF,2B6CD8E0-5833-CEAF-117E-CF74DB7FED1F,0,9,17
F3F5A3CF-1092-4447-9819-18D7C312A75B,"Joseon Dynasty ??, ??",Humanity,1392,1897.81,1000,931908CB-AD93-41CC-ADF8-E835A064B3A4,2B6CD8E0-5833-CEAF-117E-CF74DB7FED1F,0,9,36
931908CB-AD93-41CC-ADF8-E835A064B3A4,Recent history of Korea ??,Humanity,1392,9999,20,4AFB5BB6-1544-4416-A949-8C8F473E544D,2B6CD8E0-5833-CEAF-117E-CF74DB7FED1F,0,8,60
0C12100B-2BA1-4208-9523-D38224624068,History of Science,Humanity,1398,1970,150,4AFB5BB6-1544-4416-A949-8C8F473E544D,2B6CD8E0-5833-CEAF-117E-CF74DB7FED1F,0,8,37
4549BC71-9F9A-4D45-A859-3E4730E4CF8D,Life of Nicolaus Copernicus,Humanity,1473,1543,100,0C12100B-2BA1-4208-9523-D38224624068,2B6CD8E0-5833-CEAF-117E-CF74DB7FED1F,0,9,3
BB5792A5-9098-45DF-A22B-709DDABD373F,Life of Tycho Brahe,Humanity,1546,1601,100,0C12100B-2BA1-4208-9523-D38224624068,2B6CD8E0-5833-CEAF-117E-CF74DB7FED1F,0,9,3
874E0C47-7951-4555-9AFE-D1D59272CA27,Silver & Origins of Globalization,Humanity,1571,9999,NULL,4AFB5BB6-1544-4416-A949-8C8F473E544D,2B6CD8E0-5833-CEAF-117E-CF74DB7FED1F,0,8,46
E228580D-53C0-4F18-93B1-D7E97CB2F29B,Life of Johannes Kepler,Humanity,1571,1630,100,0C12100B-2BA1-4208-9523-D38224624068,2B6CD8E0-5833-CEAF-117E-CF74DB7FED1F,0,9,3
9801F003-B1D6-4DD3-AB87-1738B43B4FC7,Colonial Period,Humanity,1600,1697,NULL,D6A594D5-563A-47AD-B800-A4B78A9921BF,2B6CD8E0-5833-CEAF-117E-CF74DB7FED1F,0,9,3
85DBB7CB-D936-420B-A2AC-FEC1F6B3678C,Life of Isaac Newton,Humanity,1642,1727,100,0C12100B-2BA1-4208-9523-D38224624068,2B6CD8E0-5833-CEAF-117E-CF74DB7FED1F,0,9,3
DC5D643D-D7EC-4F80-992E-F5A2880ACADA,The Horological Revolution,Humanity,1650,1760,75,CA818DAE-BDE1-449A-AD7B-A9F425FAD067,2B6CD8E0-5833-CEAF-117E-CF74DB7FED1F,0,9,5
553533E3-8F8B-49A7-BB26-07A86EFC70CC,Industrial Revolution,Humanity,1688,1950,10,4AFB5BB6-1544-4416-A949-8C8F473E544D,2B6CD8E0-5833-CEAF-117E-CF74DB7FED1F,0,8,205
21801115-4447-451A-A773-848E097A7383,Steam Engine Revolution,Humanity,1698,1850,NULL,A404F718-9079-4F2F-AA83-8BAA6CA72726,2B6CD8E0-5833-CEAF-117E-CF74DB7FED1F,0,10,16
A404F718-9079-4F2F-AA83-8BAA6CA72726,Wave 1: Britain,Humanity,1698,1900,10,553533E3-8F8B-49A7-BB26-07A86EFC70CC,2B6CD8E0-5833-CEAF-117E-CF74DB7FED1F,0,9,80
A507F152-3F39-4EC9-8350-C61EF753B34B,Adam Smith: 1723-1790,Humanity,1723,1790,10,A404F718-9079-4F2F-AA83-8BAA6CA72726,2B6CD8E0-5833-CEAF-117E-CF74DB7FED1F,0,10,5
527E2226-AB01-4F24-866B-4124CBD8FF33,Wave 2: United States,Humanity,1750,1901,7,553533E3-8F8B-49A7-BB26-07A86EFC70CC,2B6CD8E0-5833-CEAF-117E-CF74DB7FED1F,0,9,61
B00B69A9-2AC8-44EF-8209-36B96A027CB0,Advancements by James Watt,Humanity,1756,1797,NULL,21801115-4447-451A-A773-848E097A7383,2B6CD8E0-5833-CEAF-117E-CF74DB7FED1F,0,11,7
2D8FA12F-4FA1-474F-8D7E-A53C7168B0EC,Western Europe,Humanity,1770,1950,20,553533E3-8F8B-49A7-BB26-07A86EFC70CC,2B6CD8E0-5833-CEAF-117E-CF74DB7FED1F,0,9,29
AFF16829-02C1-47C9-9D6B-EBB297A4D89F,United States,Humanity,1776,9999,10,4AFB5BB6-1544-4416-A949-8C8F473E544D,2B6CD8E0-5833-CEAF-117E-CF74DB7FED1F,0,8,191
33AE6179-440E-4F49-8968-5528D6693378,Discovery of Dinosaurs,Humanity,1780,9999,NULL,4AFB5BB6-1544-4416-A949-8C8F473E544D,2B6CD8E0-5833-CEAF-117E-CF74DB7FED1F,0,8,38
A11BE234-C4D0-437F-ACC5-671BBB2FF7D0,Events in France,Humanity,1785,1872,NULL,2D8FA12F-4FA1-474F-8D7E-A53C7168B0EC,2B6CD8E0-5833-CEAF-117E-CF74DB7FED1F,0,10,13
29DEEA0C-777C-4D5B-914E-6E6963A9A986,Textile Industry,Humanity,1789,1850,NULL,527E2226-AB01-4F24-866B-4124CBD8FF33,2B6CD8E0-5833-CEAF-117E-CF74DB7FED1F,0,10,13
1BEB3F5C-2922-408C-9157-41E95609653E,Japanese Industrialization,Humanity,1800,1940,NULL,CB328483-1691-4FED-971D-5C0BEAA191C4,2B6CD8E0-5833-CEAF-117E-CF74DB7FED1F,0,10,13
6CD89D0A-3C61-4F9E-897A-47866EC13684,Russian Industrialization,Humanity,1800,1940,NULL,CB328483-1691-4FED-971D-5C0BEAA191C4,2B6CD8E0-5833-CEAF-117E-CF74DB7FED1F,0,10,12
EB4B89B4-9FD4-4BF6-987F-8B30B4016D8E,Life of Charles Darwin,Humanity,1809,1882,60,0C12100B-2BA1-4208-9523-D38224624068,2B6CD8E0-5833-CEAF-117E-CF74DB7FED1F,0,9,4
49909DDD-C727-4722-B0D3-86AF0C2EC889,Life of Charles Dickens,Humanity,1812,1870,10,A404F718-9079-4F2F-AA83-8BAA6CA72726,2B6CD8E0-5833-CEAF-117E-CF74DB7FED1F,0,10,7
76D285B3-4CDC-4D37-A3EC-D32B8025E1E5,Events in Health and Medicine,Humanity,1829,1859,NULL,A404F718-9079-4F2F-AA83-8BAA6CA72726,2B6CD8E0-5833-CEAF-117E-CF74DB7FED1F,0,10,6
C862D7DA-5F1E-4BA4-AB8D-71C8101F76F2,Steamship Revolution,Humanity,1833,1841,400,A404F718-9079-4F2F-AA83-8BAA6CA72726,2B6CD8E0-5833-CEAF-117E-CF74DB7FED1F,0,10,7
31E117A4-A3CA-4EB0-ADD9-92D93288702F,Railroad Mania,Humanity,1838,1846,200,2D8FA12F-4FA1-474F-8D7E-A53C7168B0EC,2B6CD8E0-5833-CEAF-117E-CF74DB7FED1F,0,10,5
2361D2B3-A938-4E30-ACE2-4ECAE9C88255,U of T Faculty of Medicine,Humanity,1843,2011,NULL,E96AD490-B50A-489A-8093-E4878153DAC5,2B6CD8E0-5833-CEAF-117E-CF74DB7FED1F,0,12,3
1835CB5A-F060-409B-855A-9F0044104B26,Life of Thomas Edison,Humanity,1847,1931,60,0C12100B-2BA1-4208-9523-D38224624068,2B6CD8E0-5833-CEAF-117E-CF74DB7FED1F,0,9,3
840C6FEE-BB1D-445B-B862-B815CD13B71B,Rise of Greenwich Mean Time,Humanity,1848,1920,75,CA818DAE-BDE1-449A-AD7B-A9F425FAD067,2B6CD8E0-5833-CEAF-117E-CF74DB7FED1F,0,9,11
5E4C1DF8-FBE0-45AB-8A4E-6A33AFFECE8B,Railroad boom,Humanity,1849,1860,600,A404F718-9079-4F2F-AA83-8BAA6CA72726,2B6CD8E0-5833-CEAF-117E-CF74DB7FED1F,0,10,5
C41440C5-7E40-4255-ACB5-54DCED80DA12,Tsar Alexander II (1855-1881),Humanity,1855,1881,NULL,6CD89D0A-3C61-4F9E-897A-47866EC13684,2B6CD8E0-5833-CEAF-117E-CF74DB7FED1F,0,11,3
829AD4B2-7134-4849-A93E-0B1475928A95,Eastern Theater,Humanity,1861.49,1863.54,NULL,229B02D3-75C0-47C4-80B2-5678FF5BA208,2B6CD8E0-5833-CEAF-117E-CF74DB7FED1F,0,11,8
B5E33583-15AE-412D-97F5-9DB4BB83DFD6,Trans-Mississippi Theater,Humanity,1861.49,1865.26,60,229B02D3-75C0-47C4-80B2-5678FF5BA208,2B6CD8E0-5833-CEAF-117E-CF74DB7FED1F,0,11,3
0829B4C9-B8DA-4D74-854C-2A96F53B3BCA,Western Theater,Humanity,1861.67,1863.71,NULL,229B02D3-75C0-47C4-80B2-5678FF5BA208,2B6CD8E0-5833-CEAF-117E-CF74DB7FED1F,0,11,7
76CC9775-431B-45E3-8E85-DAC9919C2AFE,Conquest of Virginia,Humanity,1864,1865.26,NULL,229B02D3-75C0-47C4-80B2-5678FF5BA208,2B6CD8E0-5833-CEAF-117E-CF74DB7FED1F,0,11,3
A2075942-580B-4AC3-B26E-E675B5EA7185,Post-Civil War Boom,Humanity,1865,1901,NULL,527E2226-AB01-4F24-866B-4124CBD8FF33,2B6CD8E0-5833-CEAF-117E-CF74DB7FED1F,0,10,5
0AC3D1E4-D50A-43A5-83D2-BF0BF98ACE65,Life of Marie Curie,Humanity,1867,1934,60,0C12100B-2BA1-4208-9523-D38224624068,2B6CD8E0-5833-CEAF-117E-CF74DB7FED1F,0,9,3
D4E67B00-6948-489E-A0C3-097AD629B538,Emperor Meiji (1868-1912),Humanity,1868,1912,NULL,1BEB3F5C-2922-408C-9157-41E95609653E,2B6CD8E0-5833-CEAF-117E-CF74DB7FED1F,0,11,6
42724CED-E36F-4F70-A722-DAF496863133,1870s,Humanity,1870,1880,200,ED23DA3A-C165-435C-83A1-50617550169A,2B6CD8E0-5833-CEAF-117E-CF74DB7FED1F,0,10,6
FBC2448B-4C87-4392-B528-59023C84312C,Life of Albert Einstein,Humanity,1879,1955,60,0C12100B-2BA1-4208-9523-D38224624068,2B6CD8E0-5833-CEAF-117E-CF74DB7FED1F,0,9,7
33ABE1BD-7F4F-405B-8105-1FCE4213EF0F,Growth of London,Humanity,1891,1899,800,A404F718-9079-4F2F-AA83-8BAA6CA72726,2B6CD8E0-5833-CEAF-117E-CF74DB7FED1F,0,10,6
F4D2AF62-13BB-4290-843E-A37D93BBC8F6,1900s,Humanity,1900,1910,200,ED23DA3A-C165-435C-83A1-50617550169A,2B6CD8E0-5833-CEAF-117E-CF74DB7FED1F,0,10,10
B2AF99C2-2005-4E2E-ABF0-18B0605CA3DD,1910s,Humanity,1910,1920,200,ED23DA3A-C165-435C-83A1-50617550169A,2B6CD8E0-5833-CEAF-117E-CF74DB7FED1F,0,10,14
22C5F47D-0BAB-44FE-AF5E-19601F5913F6,U of T Faculty of Information,Humanity,1928,2012,NULL,E96AD490-B50A-489A-8093-E4878153DAC5,2B6CD8E0-5833-CEAF-117E-CF74DB7FED1F,0,12,3
E9DA1C2D-D060-4BDB-BC09-AF3504696461,1940s,Humanity,1940,1950,200,ED23DA3A-C165-435C-83A1-50617550169A,2B6CD8E0-5833-CEAF-117E-CF74DB7FED1F,0,10,3
BF5C7E77-5463-4206-9E3F-2CD723EEABDF,Japanese American Internment,Humanity,1941,1946,NULL,7B20DA6C-839A-43EE-8985-40BD9EF91E92,2B6CD8E0-5833-CEAF-117E-CF74DB7FED1F,0,10,55
F9594DA6-24D5-43D2-8F3A-8AD607016ECD,Arthur and Estelle Ishigo,Humanity,1942,1946,NULL,BF5C7E77-5463-4206-9E3F-2CD723EEABDF,2B6CD8E0-5833-CEAF-117E-CF74DB7FED1F,0,11,50
664F8F42-2723-4F5A-9085-BCF1F0A55849,The Free Speech Movement,Humanity,1964,1965,NULL,E2547F2E-0EB8-4AB5-9C97-C17CCD126D9F,2B6CD8E0-5833-CEAF-117E-CF74DB7FED1F,0,11,3
2B415CCB-1F7F-478E-9731-CCC8A72D13FB,Microsoft Corporation,Humanity,1975,9999,20,AFF16829-02C1-47C9-9D6B-EBB297A4D89F,2B6CD8E0-5833-CEAF-117E-CF74DB7FED1F,0,9,64
DC9C5792-E621-46A4-AF2D-C117330DC8D4,1980s,Humanity,1980,1990,200,ED23DA3A-C165-435C-83A1-50617550169A,2B6CD8E0-5833-CEAF-117E-CF74DB7FED1F,0,10,3
4382841C-FC87-4079-B17C-380D27F413AA,1990s,Humanity,1990,2000,200,ED23DA3A-C165-435C-83A1-50617550169A,2B6CD8E0-5833-CEAF-117E-CF74DB7FED1F,0,10,5
1FBA33B2-9C92-4FF9-A2B4-45A622FB3459,Major releases of Microsoft Windows,Humanity,1991,9999,NULL,2B415CCB-1F7F-478E-9731-CCC8A72D13FB,2B6CD8E0-5833-CEAF-117E-CF74DB7FED1F,0,10,15
D1E68C6E-E2FA-44E0-91BA-A02FEAA74854,MSR Redmond,Humanity,1991,9999,NULL,C19439B7-C577-4DC1-9C67-B553B6C7C685,2B6CD8E0-5833-CEAF-117E-CF74DB7FED1F,0,11,31
8AFEAE9B-2897-4668-B59D-36287C0A0463,WorldWide Telescope,Humanity,2008.15,9999,150,C19439B7-C577-4DC1-9C67-B553B6C7C685,2B6CD8E0-5833-CEAF-117E-CF74DB7FED1F,0,11,12
F99EB515-14EF-4560-99EB-B695AF4F7041,ChronoZoom Project,Humanity,2009,9999,150,D1E68C6E-E2FA-44E0-91BA-A02FEAA74854,2B6CD8E0-5833-CEAF-117E-CF74DB7FED1F,0,12,24
F0EDCC4E-E62E-4D63-B590-B9BCC74CE1C3,2010s,Humanity,2010,9999,200,ED23DA3A-C165-435C-83A1-50617550169A,2B6CD8E0-5833-CEAF-117E-CF74DB7FED1F,0,10,5
